Title,Date,Views,Likes,Comments,Duration,Video ID
Everyone receives a certain amount of speaking time each day,2022-05-15T02:10:10Z,14328882,979738,2064,0:01:00,uiAR5PubdTc
Maul vs General Grievous - A Clone Wars Story Arc We Never Got To See - Star Wars Fast Facts #Shorts,2022-05-14T16:00:50Z,938760,71846,407,0:00:49,chMY6b94c50
The Colorful Fixies Construction Ride | The Fixies | Cartoons for Children | #ConstructionSet,2022-05-14T15:00:15Z,14087507,11800,0,0:31:37,RSqNkMRAJaE
Sonic the Hedgehog: I'M A WOMAN | Sonic Boom,2022-05-12T15:00:26Z,899140,52191,583,0:00:13,nT1vcjacGZc
Raise a Floppa - Roblox Game Trailer [UNOFFICIAL],2022-05-11T00:35:34Z,9507,214,29,0:01:02,r28GBYEc6AQ
TUTORIAL: How to animate the world around you!,2022-05-10T21:03:19Z,3139553,115208,719,0:00:26,U8fBQ-u1x10
Parfait cookie edit,2022-05-10T16:00:01Z,49,3,0,0:00:25,vrY17Ame_T0
A intelig√™ncia de Lois - Superman 2 (1980) #Shorts,2022-05-10T02:24:48Z,3063298,279113,5056,0:01:00,li8XI7ExjM4
Sonic le salva la vida a una tortuga | #Shorts,2022-05-07T15:00:12Z,16595829,466052,0,0:00:35,x8nQhg1t9bs
"Diane EDIT - ""bad girls do it well"" | The bad guys !!SPOILERS!!",2022-05-06T23:08:32Z,2845155,174102,887,0:00:10,nNIcJORARzo
Ben 10 Misses the School Bus (Minecraft Animation) #shorts,2022-05-03T19:17:42Z,1037583,36264,91,0:00:36,95AIlN3W2hk
I Built a Roller Coaster for $50! #creatornow,2022-05-03T02:27:55Z,396530,13726,204,0:00:33,_4fpOXZQWUI
The Bad Guys Movie Clip - Good Tonight (2022) | Fandango Family,2022-05-02T22:00:18Z,20776429,58570,0,0:04:02,nvXM7F-3P9E
vamo bater a meta de 100 inscritos,2022-05-02T02:32:20Z,4,0,N/A,0:00:22,vLEej72dllU
Moneyball | Would You Have Drafted Me In The First Round #Shorts,2022-05-01T16:00:30Z,327315,9245,125,0:00:55,fUWM-pDGucg
Abuela's Best & Weirdest Meals! | Spin the Wheel | The Casagrandes,2022-05-01T13:59:46Z,3222987,14438,0,0:09:07,05DQVrViAS0
Jack Newman‚Äôs spin (Rally of the lakes 2022),2022-04-30T18:13:33Z,1311,32,0,0:00:20,Xpm7MdoQ2G4
"""O hip hop do p√¥nei"" | My Little Pony: Contando a sua hist√≥ria | #shorts #MLP @mylittleponyofficial",2022-04-30T14:00:33Z,120401,7144,0,0:00:39,l9gmDf7hdj0
George Builds a Classroom Castle! üêµ 1 Hour of Curious George Adventures üêµ Cartoons for Children,2022-04-30T11:00:49Z,20747578,29059,0,0:57:24,XqPI-dktG2o
A Ram Sam Sam #shorts | Comptine b√©b√© - HeyKids,2022-04-30T08:57:09Z,7369068,117441,0,0:00:16,Xk5KgdjX99s
The Other Boleyn Girl | Women and Men are Equal #Shorts,2022-04-29T19:00:26Z,289611,14635,221,0:00:56,dt-_5PHQMoI
Leaves From The Vine (Little Soldier Boy) üçÉ | Avatar #Shorts,2022-04-27T13:59:52Z,526608,52659,1139,0:00:41,TPwA3DECSbU
You got turned into a genie (FINALE) #wishes #wish #pov #youtubeshorts #shorts,2022-04-27T03:30:12Z,2985513,267202,267,0:01:00,FaIWA_wbp34
"Are You a Mexican or a Mexican't - Once Upon A Time In Mexico (Johnny Depp, Danny Trejo 4K HD Clip)",2022-04-27T02:30:00Z,154023,4867,79,0:00:13,2K-v1TvMPlI
Meu Amig√£oz√£o - O Filme: a maior aventura de todas!,2022-04-25T22:17:13Z,329968,9492,0,0:00:30,DrRfWsKHTRs
Trash a Friend | S2 E15 | Full Episode | Coop & Cami Ask the World | @disneychannelanimation,2022-04-25T19:45:00Z,1259562,3942,0,0:22:53,2dTbE2GRZJA
a night at the movies,2022-04-24T05:30:03Z,75,9,4,0:00:36,9S10mR5Opoc
Everyone gets three wishes in their lifetime‚Ä¶she hacked the system. (PART 2) #wishes #shorts Ôøº,2022-04-23T16:00:11Z,52358799,2821579,3864,0:00:46,hrJ4k1z5SJY
Big Daddy Attacks a Warehouse #nicolascage,2022-04-22T16:00:06Z,204606,11564,409,0:00:58,ChNgP-IZY4k
I Built A Treehouse For $20!,2022-04-22T02:40:37Z,541097,21166,222,0:00:30,5cq1VwCKdRo
Recreating the Netflix Intro with $30 Worth of Yarn üß∂ #Shorts,2022-04-21T20:19:29Z,47308324,2664731,16738,0:00:30,O52HNleBH4w
Raine Whispers | The Owl House | Disney Channel Animation,2022-04-20T19:45:00Z,914202,6482,0,0:04:28,kYlBYaFN6tk
It's a Baby Race | Full Episode Season 2 | Bluey,2022-04-20T15:00:27Z,33640331,127319,N/A,0:07:00,xmkCmJtK6X8
Sailing Two Keel A Sunset - Episode 7 - Bait Reef,2022-04-20T12:19:07Z,831,22,6,0:16:15,gUqGjmaqKro
"April 20, 2022",2022-04-20T11:35:58Z,9,0,0,0:00:23,9k4TJ10L3xg
Can I Fit Inside The World's Largest Water Balloon?,2022-04-18T21:30:01Z,1923616,71903,228,0:00:25,0KTjotkexRc
He is a Lurking Legend | One Piece #shorts,2022-04-17T10:24:40Z,1404169,88192,554,0:00:46,G59rRDUIKaM
"""S√≥lo nos necesitamos la una a la otra"" | My Little Pony: Cuenta Tu Historia | #shorts #MLP #MLPTYT",2022-04-17T09:00:52Z,120806,5786,0,0:00:32,pSxPHX-7IHw
A bug ruined our take! ü§¶üèª‚Äç‚ôÄÔ∏èüò≠ #bloopers #shorts #funny #youtubeshorts #princess,2022-04-15T23:00:13Z,17707745,783562,3782,0:00:56,tUc_N7lUD-o
Paint a Lu-La Easter Egg üê£üíú | Shaun the Sheep Farmageddon #shorts,2022-04-15T08:15:02Z,420839,10226,0,0:00:47,WwgRUFOC4AY
Return of the Roar Part 2 ü¶Å | S1 E2 | Full Episode | The Lion Guard | @disneyjr,2022-04-14T16:45:04Z,23172188,60844,0,0:22:32,yhswAYgk_LE
Paint a Shaun the Sheep Easter Egg üê£üé® #shorts,2022-04-14T10:54:48Z,48485,1226,0,0:00:46,0hu706no19U
Paint a Shaun the Sheep Easter Egg üê£üé® #shorts,2022-04-14T10:17:14Z,269027,5737,0,0:00:46,fg99ImQdg8I
Building a Man From a Robot - Bicentennial Man (Robin Williams 4K HD Clip),2022-04-14T01:00:14Z,121513,3457,24,0:00:15,_UwFFW7wnAA
The Lincoln Lawyer Season 1 Trailer | Rotten Tomatoes TV,2022-04-13T22:59:34Z,301058,1136,60,0:02:10,u-sLh8-ohzc
