Title,Date,Views,Likes,Comments,Video ID
Everyone receives a certain amount of speaking time each day,2022-05-15T02:10:10Z,14328395,980149,2065,uiAR5PubdTc
Maul vs General Grievous - A Clone Wars Story Arc We Never Got To See - Star Wars Fast Facts #Shorts,2022-05-14T16:00:50Z,937979,71828,409,chMY6b94c50
The Colorful Fixies Construction Ride | The Fixies | Cartoons for Children | #ConstructionSet,2022-05-14T15:00:15Z,14044162,11775,0,RSqNkMRAJaE
How to Successfully Escape a Cult? The JOAQUIN PHOENIX Story (Documentary Part 1),2022-05-13T21:11:37Z,111572,2493,230,CY9rk2Csya0
TUTORIAL: How to animate the world around you!,2022-05-10T21:03:19Z,3113365,114915,721,U8fBQ-u1x10
A intelig√™ncia de Lois - Superman 2 (1980) #Shorts,2022-05-10T02:24:48Z,3062812,279134,5054,li8XI7ExjM4
Sonic le salva la vida a una tortuga | #Shorts,2022-05-07T15:00:12Z,15038821,437931,0,x8nQhg1t9bs
"Diane EDIT - ""bad girls do it well"" | The bad guys !!SPOILERS!!",2022-05-06T23:08:32Z,2836874,174006,886,nNIcJORARzo
Ben 10 Misses the School Bus (Minecraft Animation) #shorts,2022-05-03T19:17:42Z,1012499,35846,90,95AIlN3W2hk
I Built a Roller Coaster for $50! #creatornow,2022-05-03T02:27:55Z,382354,13564,201,_4fpOXZQWUI
Abuela's Best & Weirdest Meals! | Spin the Wheel | The Casagrandes,2022-05-01T13:59:46Z,3191614,14344,0,05DQVrViAS0
"""O hip hop do p√¥nei"" | My Little Pony: Contando a sua hist√≥ria | #shorts #MLP @mylittleponyofficial",2022-04-30T14:00:33Z,120365,7143,0,l9gmDf7hdj0
George Builds a Classroom Castle! üêµ 1 Hour of Curious George Adventures üêµ Cartoons for Children,2022-04-30T11:00:49Z,20737170,29072,0,XqPI-dktG2o
A Ram Sam Sam #shorts | Comptine b√©b√© - HeyKids,2022-04-30T08:57:09Z,6685046,111843,0,Xk5KgdjX99s
Leaves From The Vine (Little Soldier Boy) üçÉ | Avatar #Shorts,2022-04-27T13:59:52Z,518646,52207,1128,TPwA3DECSbU
You got turned into a genie (FINALE) #wishes #wish #pov #youtubeshorts #shorts,2022-04-27T03:30:12Z,2984710,267276,267,FaIWA_wbp34
"Are You a Mexican or a Mexican't - Once Upon A Time In Mexico (Johnny Depp, Danny Trejo 4K HD Clip)",2022-04-27T02:30:00Z,152833,4848,79,2K-v1TvMPlI
Meu Amig√£oz√£o - O Filme: a maior aventura de todas!,2022-04-25T22:17:13Z,326733,9467,0,DrRfWsKHTRs
Trash a Friend | S2 E15 | Full Episode | Coop & Cami Ask the World | @disneychannelanimation,2022-04-25T19:45:00Z,1252731,3925,0,2dTbE2GRZJA
Everyone gets three wishes in their lifetime‚Ä¶she hacked the system. (PART 2) #wishes #shorts Ôøº,2022-04-23T16:00:11Z,52297741,2821517,3862,hrJ4k1z5SJY
Big Daddy Attacks a Warehouse #nicolascage,2022-04-22T16:00:06Z,204351,11563,409,ChNgP-IZY4k
I Built A Treehouse For $20!,2022-04-22T02:40:37Z,529648,21038,222,5cq1VwCKdRo
Recreating the Netflix Intro with $30 Worth of Yarn üß∂ #Shorts,2022-04-21T20:19:29Z,47248183,2664898,16739,O52HNleBH4w
It's a Baby Race | Full Episode Season 2 | Bluey,2022-04-20T15:00:27Z,33446093,126886,N/A,xmkCmJtK6X8
Can I Fit Inside The World's Largest Water Balloon?,2022-04-18T21:30:01Z,1916311,71879,228,0KTjotkexRc
He is a Lurking Legend | One Piece #shorts,2022-04-17T10:24:40Z,1402758,88156,553,G59rRDUIKaM
"""S√≥lo nos necesitamos la una a la otra"" | My Little Pony: Cuenta Tu Historia | #shorts #MLP #MLPTYT",2022-04-17T09:00:52Z,120675,5784,0,pSxPHX-7IHw
Peppa Pig Gets a Boo Boo üê∑ü§ï Peppa Pig Official Channel Family Kids Cartoons,2022-04-16T05:00:11Z,13636991,27843,0,ZRHfyOwuSTQ
Paint a Lu-La Easter Egg üê£üíú | Shaun the Sheep Farmageddon #shorts,2022-04-15T08:15:02Z,419848,10226,0,WwgRUFOC4AY
Return of the Roar Part 2 ü¶Å | S1 E2 | Full Episode | The Lion Guard | @disneyjr,2022-04-14T16:45:04Z,23025707,60674,0,yhswAYgk_LE
Paint a Shaun the Sheep Easter Egg üê£üé® #shorts,2022-04-14T10:54:48Z,47918,1218,0,0hu706no19U
Paint a Shaun the Sheep Easter Egg üê£üé® #shorts,2022-04-14T10:17:14Z,263914,5688,0,fg99ImQdg8I
Building a Man From a Robot - Bicentennial Man (Robin Williams 4K HD Clip),2022-04-14T01:00:14Z,119811,3436,24,_UwFFW7wnAA
The Lincoln Lawyer Season 1 Trailer | Rotten Tomatoes TV,2022-04-13T22:59:34Z,299254,1130,60,u-sLh8-ohzc
What are the top 10 trending songs  is most trending song now What song is trending right now 2022,2022-04-13T09:30:47Z,1599,119,1,Rtunm0PUI6U
4 personajes que pueden superar a GOJO  #short,2022-04-12T22:57:52Z,1485440,134784,1019,MHtmnZM7k7Q
little sunflower,2022-04-12T22:06:06Z,15,2,0,8le1U8Ic0Vs
Peppa Pig Official Channel | The Biggest Marble Run Challenge with Peppa Pig,2022-04-12T05:00:09Z,27584457,76149,0,J1mAMtJ9T4s
A Great Fall #Shorts,2022-04-10T22:04:53Z,42402236,881588,3096,_9ar9j40zQ8
Cool Anime,2022-04-10T14:06:11Z,106,6,0,hGZLUtpxpss
"Todas Vezes Em Que a Bella Mordeu o L√°bio em Crep√∫sculo! | Sim, Contamos #Shorts",2022-04-09T21:00:10Z,126550,12944,148,XwcIX1cZlyw
How Did Yoda Become A Jedi?,2022-04-09T14:02:50Z,272580,32732,161,frNotZR-rYU
Building A Movie Theater With $50,2022-04-09T03:39:27Z,1758246,75792,228,cBl842IwrOo
POV: Your daily life has a timer! ‚è∞#outoftime #time #caught #shorts #pov,2022-04-08T22:00:07Z,29593627,1537915,1255,JyA1l6_OoTM
Dr. Bright! SCP-963 is Not a Joy Buzzer!,2022-04-08T14:10:00Z,297541,34968,328,4WkeBE9ztTo
